date,cumulative_tests,cumulative_tests_pos,percent_positive_tests_cum,tests,tests_pos,percent_positive_tests,avg_tests,avg_pos_tests,percent_positive_avg_tests,year,month,day
2021-10-02,31283474,1740508,0.055999999999999994,814,29,0.036000000000000004,87437.0,1110.0,0.013000000000000001,2021,10,2
2021-10-01,31282660,1740479,0.055999999999999994,67027,783,0.012,91997.0,1265.0,0.013999999999999999,2021,10,1
2021-09-30,31215633,1739696,0.055999999999999994,130159,1336,0.01,106554.0,1396.0,0.013000000000000001,2021,9,30
2021-09-29,31085474,1738360,0.055999999999999994,155981,1587,0.01,116476.0,1443.0,0.012,2021,9,29
2021-09-28,30929493,1736773,0.055999999999999994,131566,1526,0.012,120689.0,1482.0,0.012,2021,9,28
2021-09-27,30797927,1735247,0.055999999999999994,106622,1798,0.017,127073.0,1546.0,0.012,2021,9,27
2021-09-26,30691305,1733449,0.055999999999999994,19888,712,0.036000000000000004,135755.0,1614.0,0.012,2021,9,26
2021-09-25,30671417,1732737,0.055999999999999994,32735,1115,0.034,136149.0,1611.0,0.012,2021,9,25
2021-09-24,30638682,1731622,0.057,168926,1696,0.01,136660.0,1625.0,0.012,2021,9,24
2021-09-23,30469756,1729926,0.057,199612,1666,0.008,137134.0,1653.0,0.012,2021,9,23
2021-09-22,30270144,1728260,0.057,185474,1858,0.01,121487.0,1689.0,0.013999999999999999,2021,9,22
2021-09-21,30084670,1726402,0.057,176256,1974,0.011000000000000001,126246.0,1741.0,0.013999999999999999,2021,9,21
2021-09-20,29908414,1724428,0.057999999999999996,167393,2275,0.013999999999999999,128941.0,1786.0,0.013999999999999999,2021,9,20
2021-09-19,29741021,1722153,0.057999999999999996,22645,691,0.031,137207.0,1840.0,0.013000000000000001,2021,9,19
2021-09-18,29718376,1721462,0.057999999999999996,36313,1212,0.033,137327.0,1865.0,0.013999999999999999,2021,9,18
2021-09-17,29682063,1720250,0.057999999999999996,172244,1896,0.011000000000000001,137724.0,1911.0,0.013999999999999999,2021,9,17
2021-09-16,29509819,1718354,0.057999999999999996,90087,1918,0.021,139662.0,2010.0,0.013999999999999999,2021,9,16
2021-09-15,29419732,1716436,0.057999999999999996,218786,2220,0.01,158222.0,2125.0,0.013000000000000001,2021,9,15
2021-09-14,29200946,1714216,0.059000000000000004,195119,2292,0.012,160064.0,2210.0,0.013999999999999999,2021,9,14
2021-09-13,29005827,1711924,0.059000000000000004,225257,2653,0.012,152961.0,2325.0,0.015,2021,9,13
2021-09-12,28780570,1709271,0.059000000000000004,23483,862,0.037000000000000005,125639.0,2147.0,0.017,2021,9,12
2021-09-11,28757087,1708409,0.059000000000000004,39095,1536,0.039,125390.0,2146.0,0.017,2021,9,11
2021-09-10,28717992,1706873,0.059000000000000004,185804,2592,0.013999999999999999,124964.0,2171.0,0.017,2021,9,10
2021-09-09,28532188,1704281,0.06,220012,2721,0.012,110352.0,2141.0,0.019,2021,9,9
2021-09-08,28312176,1701560,0.06,231681,2815,0.012,107818.0,2173.0,0.02,2021,9,8
2021-09-07,28080495,1698745,0.06,145398,3097,0.021,104999.0,2199.0,0.021,2021,9,7
2021-09-06,27935097,1695648,0.061,34002,1409,0.040999999999999995,112405.0,2204.0,0.02,2021,9,6
2021-09-05,27901095,1694239,0.061,21741,854,0.039,139140.0,2510.0,0.018000000000000002,2021,9,5
2021-09-04,27879354,1693385,0.061,36112,1708,0.047,139589.0,2560.0,0.018000000000000002,2021,9,4
2021-09-03,27843242,1691677,0.061,83519,2385,0.028999999999999998,140464.0,2608.0,0.019,2021,9,3
2021-09-02,27759723,1689292,0.061,202272,2940,0.015,154556.0,2735.0,0.018000000000000002,2021,9,2
2021-09-01,27557451,1686352,0.061,211950,3003,0.013999999999999999,153755.0,2834.0,0.018000000000000002,2021,9,1
2021-08-31,27345501,1683349,0.062,197236,3127,0.016,152693.0,2948.0,0.019,2021,8,31
2021-08-30,27148265,1680222,0.062,221153,3551,0.016,150108.0,3032.0,0.02,2021,8,30
2021-08-29,26927112,1676671,0.062,24882,1204,0.048,147673.0,3137.0,0.021,2021,8,29
2021-08-28,26902230,1675467,0.062,42233,2045,0.048,147692.0,3149.0,0.021,2021,8,28
2021-08-27,26859997,1673422,0.062,182166,3275,0.018000000000000002,148312.0,3218.0,0.022000000000000002,2021,8,27
2021-08-26,26677831,1670147,0.063,196667,3632,0.018000000000000002,148331.0,3360.0,0.023,2021,8,26
2021-08-25,26481164,1666515,0.063,204512,3803,0.019,146775.0,3441.0,0.023,2021,8,25
2021-08-24,26276652,1662712,0.063,179143,3711,0.021,144810.0,3543.0,0.024,2021,8,24
2021-08-23,26097509,1659001,0.064,204105,4290,0.021,142773.0,3636.0,0.025,2021,8,23
2021-08-22,25893404,1654711,0.064,25016,1290,0.052000000000000005,138170.0,3687.0,0.027000000000000003,2021,8,22
2021-08-21,25868388,1653421,0.064,46575,2523,0.054000000000000006,138520.0,3756.0,0.027000000000000003,2021,8,21
2021-08-20,25821813,1650898,0.064,182301,4271,0.023,140882.0,3844.0,0.027000000000000003,2021,8,20
2021-08-19,25639512,1646627,0.064,185774,4198,0.023,133855.0,3879.0,0.028999999999999998,2021,8,19
2021-08-18,25453738,1642429,0.065,190753,4516,0.024,127822.0,3953.0,0.031,2021,8,18
2021-08-17,25262985,1637913,0.065,164888,4361,0.026000000000000002,123137.0,4019.0,0.033,2021,8,17
2021-08-16,25098097,1633552,0.065,171885,4649,0.027000000000000003,118509.0,4076.0,0.034,2021,8,16
2021-08-15,24926212,1628903,0.065,27465,1774,0.065,116597.0,4130.0,0.035,2021,8,15
2021-08-14,24898747,1627129,0.065,63108,3140,0.05,115864.0,4134.0,0.036000000000000004,2021,8,14
2021-08-13,24835639,1623989,0.065,133114,4515,0.034,113755.0,4140.0,0.036000000000000004,2021,8,13
2021-08-12,24702525,1619474,0.066,143541,4716,0.033,109943.0,4136.0,0.038,2021,8,12
2021-08-11,24558984,1614758,0.066,157960,4980,0.032,104442.0,4105.0,0.039,2021,8,11
2021-08-10,24401024,1609778,0.066,132488,4759,0.036000000000000004,97757.0,4078.0,0.042,2021,8,10
2021-08-09,24268536,1605019,0.066,158501,5028,0.032,91986.0,4061.0,0.044000000000000004,2021,8,9
2021-08-08,24110035,1599991,0.066,22333,1797,0.08,83395.0,3969.0,0.048,2021,8,8
2021-08-07,24087702,1598194,0.066,48348,3186,0.066,83298.0,3978.0,0.048,2021,8,7
2021-08-06,24039354,1595008,0.066,106429,4489,0.042,81256.0,3940.0,0.048,2021,8,6
2021-08-05,23932925,1590519,0.066,105036,4493,0.043,76367.0,3891.0,0.051,2021,8,5
2021-08-04,23827889,1586026,0.067,111164,4791,0.043,70624.0,3833.0,0.054000000000000006,2021,8,4
2021-08-03,23716725,1581235,0.067,92091,4641,0.05,64664.0,3749.0,0.057999999999999996,2021,8,3
2021-08-02,23624634,1576594,0.067,98366,4388,0.045,60883.0,3654.0,0.06,2021,8,2
2021-08-01,23526268,1572206,0.067,21654,1857,0.086,56841.0,3594.0,0.063,2021,8,1
2021-07-31,23504614,1570349,0.067,34052,2921,0.086,56382.0,3547.0,0.063,2021,7,31
2021-07-30,23470562,1567428,0.067,72205,4146,0.057,55614.0,3449.0,0.062,2021,7,30
2021-07-29,23398357,1563282,0.067,64839,4089,0.063,54202.0,3324.0,0.061,2021,7,29
2021-07-28,23333518,1559193,0.067,69443,4198,0.06,53617.0,3196.0,0.06,2021,7,28
2021-07-27,23264075,1554995,0.067,65620,3979,0.061,53800.0,3071.0,0.057,2021,7,27
2021-07-26,23198455,1551016,0.067,70077,3970,0.057,53870.0,2944.0,0.055,2021,7,26
2021-07-25,23128378,1547046,0.067,18441,1523,0.083,53257.0,2819.0,0.053,2021,7,25
2021-07-24,23109937,1545523,0.067,28672,2237,0.078,53078.0,2781.0,0.052000000000000005,2021,7,24
2021-07-23,23081265,1543286,0.067,62321,3274,0.053,52471.0,2719.0,0.052000000000000005,2021,7,23
2021-07-22,23018944,1540012,0.067,60744,3194,0.053,51071.0,2608.0,0.051,2021,7,22
2021-07-21,22958200,1536818,0.067,70728,3323,0.047,49717.0,2495.0,0.05,2021,7,21
2021-07-20,22887472,1533495,0.067,66108,3084,0.047,47633.0,2338.0,0.049,2021,7,20
2021-07-19,22821364,1530411,0.067,65785,3101,0.047,46038.0,2163.0,0.047,2021,7,19
2021-07-18,22755579,1527310,0.067,17187,1255,0.073,44323.0,1984.0,0.045,2021,7,18
2021-07-17,22738392,1526055,0.067,24425,1799,0.07400000000000001,43872.0,1922.0,0.044000000000000004,2021,7,17
2021-07-16,22713967,1524256,0.067,52519,2502,0.048,43193.0,1826.0,0.042,2021,7,16
2021-07-15,22661448,1521754,0.067,51266,2403,0.047,42422.0,1682.0,0.04,2021,7,15
2021-07-14,22610182,1519351,0.067,56144,2219,0.04,41951.0,1550.0,0.037000000000000005,2021,7,14
2021-07-13,22554038,1517132,0.067,54943,1862,0.034,41630.0,1425.0,0.034,2021,7,13
2021-07-12,22499095,1515270,0.067,53778,1847,0.034,42666.0,1330.0,0.031,2021,7,12
2021-07-11,22445317,1513423,0.067,14030,821,0.059000000000000004,37926.0,1159.0,0.031,2021,7,11
2021-07-10,22431287,1512602,0.067,19673,1128,0.057,36989.0,1072.0,0.028999999999999998,2021,7,10
2021-07-09,22411614,1511474,0.067,47122,1493,0.032,36658.0,987.0,0.027000000000000003,2021,7,9
2021-07-08,22364492,1509981,0.068,47968,1482,0.031,34126.0,876.0,0.026000000000000002,2021,7,8
2021-07-07,22316524,1508499,0.068,53894,1339,0.025,33690.0,768.0,0.023,2021,7,7
2021-07-06,22262630,1507160,0.068,62195,1203,0.019,33095.0,669.0,0.02,2021,7,6
2021-07-05,22200435,1505957,0.068,20598,649,0.032,31342.0,584.0,0.019,2021,7,5
2021-07-04,22179837,1505308,0.068,7470,208,0.027999999999999997,36043.0,573.0,0.016,2021,7,4
2021-07-03,22172367,1505100,0.068,17360,532,0.031,36888.0,582.0,0.016,2021,7,3
2021-07-02,22155007,1504568,0.068,29400,719,0.024,36932.0,550.0,0.015,2021,7,2
2021-07-01,22125607,1503849,0.068,44911,725,0.016,38729.0,500.0,0.013000000000000001,2021,7,1
2021-06-30,22080696,1503124,0.068,49728,650,0.013000000000000001,38173.0,458.0,0.012,2021,6,30
2021-06-29,22030968,1502474,0.068,49927,605,0.012,37828.0,419.0,0.011000000000000001,2021,6,29
2021-06-28,21981041,1501869,0.068,53508,574,0.011000000000000001,37457.0,386.0,0.01,2021,6,28
2021-06-27,21927533,1501295,0.068,13383,267,0.02,37235.0,357.0,0.01,2021,6,27
2021-06-26,21914150,1501028,0.068,17669,312,0.018000000000000002,37178.0,341.0,0.009000000000000001,2021,6,26
2021-06-25,21896481,1500716,0.069,41974,368,0.009000000000000001,37137.0,327.0,0.009000000000000001,2021,6,25
2021-06-24,21854507,1500348,0.069,41019,429,0.01,36989.0,316.0,0.009000000000000001,2021,6,24
2021-06-23,21813488,1499919,0.069,47317,378,0.008,36629.0,295.0,0.008,2021,6,23
2021-06-22,21766171,1499541,0.069,47326,376,0.008,35966.0,285.0,0.008,2021,6,22
2021-06-21,21718845,1499165,0.069,51958,366,0.006999999999999999,35250.0,268.0,0.008,2021,6,21
2021-06-20,21666887,1498799,0.069,12985,158,0.012,35118.0,262.0,0.006999999999999999,2021,6,20
2021-06-19,21653902,1498641,0.069,17379,211,0.012,35265.0,255.0,0.006999999999999999,2021,6,19
2021-06-18,21636523,1498430,0.069,40941,295,0.006999999999999999,35326.0,253.0,0.006999999999999999,2021,6,18
2021-06-17,21595582,1498135,0.069,38499,283,0.006999999999999999,37136.0,249.0,0.006999999999999999,2021,6,17
2021-06-16,21557083,1497852,0.069,42674,305,0.006999999999999999,40565.0,245.0,0.006,2021,6,16
2021-06-15,21514409,1497547,0.07,42315,256,0.006,41703.0,240.0,0.006,2021,6,15
2021-06-14,21472094,1497291,0.07,51030,324,0.006,44144.0,241.0,0.005,2021,6,14
2021-06-13,21421064,1496967,0.07,14014,114,0.008,47467.0,235.0,0.005,2021,6,13
2021-06-12,21407050,1496853,0.07,17812,193,0.011000000000000001,47403.0,240.0,0.005,2021,6,12
2021-06-11,21389238,1496660,0.07,53608,269,0.005,48662.0,240.0,0.005,2021,6,11
2021-06-10,21335630,1496391,0.07,62501,251,0.004,52299.0,237.0,0.005,2021,6,10
2021-06-09,21273129,1496140,0.07,50640,270,0.005,54771.0,240.0,0.004,2021,6,9
2021-06-08,21222489,1495870,0.07,59400,263,0.004,60277.0,246.0,0.004,2021,6,8
2021-06-07,21163089,1495607,0.071,74293,284,0.004,67008.0,254.0,0.004,2021,6,7
2021-06-06,21088796,1495323,0.071,13570,151,0.011000000000000001,58818.0,230.0,0.004,2021,6,6
2021-06-05,21075226,1495172,0.071,26619,191,0.006999999999999999,58717.0,229.0,0.004,2021,6,5
2021-06-04,21048607,1494981,0.071,79067,247,0.003,56960.0,225.0,0.004,2021,6,4
2021-06-03,20969540,1494734,0.071,79810,273,0.003,54863.0,223.0,0.004,2021,6,3
2021-06-02,20889730,1494461,0.07200000000000001,89183,310,0.003,53978.0,218.0,0.004,2021,6,2
2021-06-01,20800547,1494151,0.07200000000000001,106515,322,0.003,52794.0,212.0,0.004,2021,6,1
2021-05-31,20694032,1493829,0.07200000000000001,16961,115,0.006999999999999999,50293.0,198.0,0.004,2021,5,31
2021-05-30,20677071,1493714,0.07200000000000001,12861,146,0.011000000000000001,60987.0,222.0,0.004,2021,5,30
2021-05-29,20664210,1493568,0.07200000000000001,14320,163,0.011000000000000001,61093.0,220.0,0.004,2021,5,29
2021-05-28,20649890,1493405,0.07200000000000001,64391,229,0.004,61595.0,223.0,0.004,2021,5,28
2021-05-27,20585499,1493176,0.073,73618,240,0.003,62326.0,230.0,0.004,2021,5,27
2021-05-26,20511881,1492936,0.073,80893,269,0.003,63261.0,234.0,0.004,2021,5,26
2021-05-25,20430988,1492667,0.073,89007,226,0.003,64020.0,234.0,0.004,2021,5,25
2021-05-24,20341981,1492441,0.073,91820,283,0.003,64329.0,242.0,0.004,2021,5,24
2021-05-23,20250161,1492158,0.07400000000000001,13603,133,0.01,65215.0,250.0,0.004,2021,5,23
2021-05-22,20236558,1492025,0.07400000000000001,17835,184,0.01,65301.0,254.0,0.004,2021,5,22
2021-05-21,20218723,1491841,0.07400000000000001,69507,278,0.004,65591.0,257.0,0.004,2021,5,21
2021-05-20,20149216,1491563,0.07400000000000001,80164,266,0.003,65689.0,266.0,0.004,2021,5,20
2021-05-19,20069052,1491297,0.07400000000000001,86202,270,0.003,65693.0,274.0,0.004,2021,5,19
2021-05-18,19982850,1491027,0.075,91174,283,0.003,66021.0,288.0,0.004,2021,5,18
2021-05-17,19891676,1490744,0.075,98020,336,0.003,66069.0,302.0,0.005,2021,5,17
2021-05-16,19793656,1490408,0.075,14203,162,0.011000000000000001,66277.0,311.0,0.005,2021,5,16
2021-05-15,19779453,1490246,0.075,19865,205,0.01,66340.0,311.0,0.005,2021,5,15
2021-05-14,19759588,1490041,0.075,70192,339,0.005,66589.0,314.0,0.005,2021,5,14
2021-05-13,19689396,1489702,0.076,80197,321,0.004,65586.0,318.0,0.005,2021,5,13
2021-05-12,19609199,1489381,0.076,88499,367,0.004,65556.0,334.0,0.005,2021,5,12
2021-05-11,19520700,1489014,0.076,91505,384,0.004,64775.0,340.0,0.005,2021,5,11
2021-05-10,19429195,1488630,0.077,99481,399,0.004,63826.0,353.0,0.006,2021,5,10
2021-05-09,19329714,1488231,0.077,14642,159,0.011000000000000001,62598.0,363.0,0.006,2021,5,9
2021-05-08,19315072,1488072,0.077,21604,230,0.011000000000000001,62802.0,369.0,0.006,2021,5,8
2021-05-07,19293468,1487842,0.077,63176,366,0.006,62746.0,380.0,0.006,2021,5,7
2021-05-06,19230292,1487476,0.077,79984,434,0.005,63197.0,394.0,0.006,2021,5,6
2021-05-05,19150308,1487042,0.078,83034,411,0.005,62292.0,402.0,0.006,2021,5,5
2021-05-04,19067274,1486631,0.078,84858,472,0.006,62032.0,410.0,0.006999999999999999,2021,5,4
2021-05-03,18982416,1486159,0.078,90890,466,0.005,61680.0,416.0,0.006999999999999999,2021,5,3
2021-05-02,18891526,1485693,0.079,16066,206,0.013000000000000001,61513.0,412.0,0.006999999999999999,2021,5,2
2021-05-01,18875460,1485487,0.079,21213,308,0.015,62834.0,425.0,0.006999999999999999,2021,5,1
2021-04-30,18854247,1485179,0.079,66331,463,0.006999999999999999,64619.0,438.0,0.006999999999999999,2021,4,30
2021-04-29,18787916,1484716,0.079,73650,488,0.006999999999999999,65350.0,442.0,0.006999999999999999,2021,4,29
2021-04-28,18714266,1484228,0.079,81218,470,0.006,65924.0,449.0,0.006999999999999999,2021,4,28
2021-04-27,18633048,1483758,0.08,82389,512,0.006,66873.0,464.0,0.006999999999999999,2021,4,27
2021-04-26,18550659,1483246,0.08,89725,436,0.005,67363.0,473.0,0.006999999999999999,2021,4,26
2021-04-25,18460934,1482810,0.08,25313,297,0.012,67953.0,491.0,0.006999999999999999,2021,4,25
2021-04-24,18435621,1482513,0.08,33710,397,0.012,67955.0,493.0,0.006999999999999999,2021,4,24
2021-04-23,18401911,1482116,0.081,71442,495,0.006999999999999999,68835.0,504.0,0.006999999999999999,2021,4,23
2021-04-22,18330469,1481621,0.081,77674,538,0.006999999999999999,69793.0,523.0,0.006999999999999999,2021,4,22
2021-04-21,18252795,1481083,0.081,87857,575,0.006999999999999999,70067.0,539.0,0.008,2021,4,21
2021-04-20,18164938,1480508,0.08199999999999999,85819,572,0.006999999999999999,69367.0,553.0,0.008,2021,4,20
2021-04-19,18079119,1479936,0.08199999999999999,93856,565,0.006,68483.0,579.0,0.008,2021,4,19
2021-04-18,17985263,1479371,0.08199999999999999,25324,307,0.012,68218.0,589.0,0.009000000000000001,2021,4,18
2021-04-17,17959939,1479064,0.08199999999999999,39876,479,0.012,67593.0,596.0,0.009000000000000001,2021,4,17
2021-04-16,17920063,1478585,0.083,78144,628,0.008,65817.0,599.0,0.009000000000000001,2021,4,16
2021-04-15,17841919,1477957,0.083,79596,647,0.008,63190.0,612.0,0.01,2021,4,15
2021-04-14,17762323,1477310,0.083,82954,675,0.008,60860.0,621.0,0.01,2021,4,14
2021-04-13,17679369,1476635,0.084,79634,752,0.009000000000000001,58497.0,633.0,0.011000000000000001,2021,4,13
2021-04-12,17599735,1475883,0.084,91995,636,0.006999999999999999,56799.0,638.0,0.011000000000000001,2021,4,12
2021-04-11,17507740,1475247,0.084,20952,358,0.017,55364.0,647.0,0.012,2021,4,11
2021-04-10,17486788,1474889,0.084,27447,496,0.018000000000000002,54220.0,637.0,0.012,2021,4,10
2021-04-09,17459341,1474393,0.084,59754,720,0.012,53247.0,635.0,0.012,2021,4,9
2021-04-08,17399587,1473673,0.085,63281,711,0.011000000000000001,50258.0,635.0,0.013000000000000001,2021,4,8
2021-04-07,17336306,1472962,0.085,66414,755,0.011000000000000001,47989.0,623.0,0.013000000000000001,2021,4,7
2021-04-06,17269892,1472207,0.085,67749,792,0.012,45975.0,614.0,0.013000000000000001,2021,4,6
2021-04-05,17202143,1471415,0.086,81949,699,0.009000000000000001,44571.0,604.0,0.013999999999999999,2021,4,5
2021-04-04,17120194,1470716,0.086,12944,286,0.022000000000000002,42713.0,615.0,0.013999999999999999,2021,4,4
2021-04-03,17107250,1470430,0.086,20638,481,0.023,43113.0,625.0,0.013999999999999999,2021,4,3
2021-04-02,17086612,1469949,0.086,38834,718,0.018000000000000002,43104.0,623.0,0.013999999999999999,2021,4,2
2021-04-01,17047778,1469231,0.086,47392,632,0.013000000000000001,44042.0,620.0,0.013999999999999999,2021,4,1
2021-03-31,17000386,1468599,0.086,52319,693,0.013000000000000001,45085.0,630.0,0.013999999999999999,2021,3,31
2021-03-30,16948067,1467906,0.087,57922,717,0.012,45872.0,643.0,0.013999999999999999,2021,3,30
2021-03-29,16890145,1467189,0.087,68944,778,0.011000000000000001,46082.0,640.0,0.013999999999999999,2021,3,29
2021-03-28,16821201,1466411,0.087,15741,356,0.023,46731.0,641.0,0.013999999999999999,2021,3,28
2021-03-27,16805460,1466055,0.087,20577,469,0.023,47034.0,644.0,0.013999999999999999,2021,3,27
2021-03-26,16784883,1465586,0.087,45397,695,0.015,47102.0,654.0,0.013999999999999999,2021,3,26
2021-03-25,16739486,1464891,0.08800000000000001,54698,700,0.013000000000000001,47632.0,664.0,0.013999999999999999,2021,3,25
2021-03-24,16684788,1464191,0.08800000000000001,57825,786,0.013999999999999999,47283.0,672.0,0.013999999999999999,2021,3,24
2021-03-23,16626963,1463405,0.08800000000000001,59394,697,0.012,47213.0,674.0,0.013999999999999999,2021,3,23
2021-03-22,16567569,1462708,0.08800000000000001,73484,782,0.011000000000000001,47052.0,698.0,0.015,2021,3,22
2021-03-21,16494085,1461926,0.08900000000000001,17863,377,0.021,46327.0,703.0,0.015,2021,3,21
2021-03-20,16476222,1461549,0.08900000000000001,21053,540,0.026000000000000002,45957.0,708.0,0.015,2021,3,20
2021-03-19,16455169,1461009,0.08900000000000001,49108,763,0.016,46036.0,720.0,0.016,2021,3,19
2021-03-18,16406061,1460246,0.08900000000000001,52257,760,0.015,46222.0,738.0,0.016,2021,3,18
2021-03-17,16353804,1459486,0.08900000000000001,57331,802,0.013999999999999999,46659.0,762.0,0.016,2021,3,17
2021-03-16,16296473,1458684,0.09,58269,864,0.015,46917.0,781.0,0.017,2021,3,16
2021-03-15,16238204,1457820,0.09,68407,817,0.012,47280.0,784.0,0.017,2021,3,15
2021-03-14,16169797,1457003,0.09,15272,412,0.027000000000000003,48227.0,831.0,0.017,2021,3,14
2021-03-13,16154525,1456591,0.09,21611,621,0.028999999999999998,48293.0,848.0,0.018000000000000002,2021,3,13
2021-03-12,16132914,1455970,0.09,50407,891,0.018000000000000002,48337.0,865.0,0.018000000000000002,2021,3,12
2021-03-11,16082507,1455079,0.09,55313,924,0.017,48850.0,885.0,0.018000000000000002,2021,3,11
2021-03-10,16027194,1454155,0.091,59143,940,0.016,49332.0,905.0,0.018000000000000002,2021,3,10
2021-03-09,15968051,1453215,0.091,60809,882,0.015,49238.0,910.0,0.018000000000000002,2021,3,9
2021-03-08,15907242,1452333,0.091,75036,1145,0.015,49629.0,942.0,0.019,2021,3,8
2021-03-07,15832206,1451188,0.092,15733,530,0.034,49666.0,950.0,0.019,2021,3,7
2021-03-06,15816473,1450658,0.092,21919,740,0.034,49911.0,956.0,0.019,2021,3,6
2021-03-05,15794554,1449918,0.092,53998,1035,0.019,50447.0,993.0,0.02,2021,3,5
2021-03-04,15740556,1448883,0.092,58689,1061,0.018000000000000002,50632.0,1033.0,0.02,2021,3,4
2021-03-03,15681867,1447822,0.092,58483,980,0.017,51310.0,1073.0,0.021,2021,3,3
2021-03-02,15623384,1446842,0.09300000000000001,63546,1104,0.017,52106.0,1136.0,0.022000000000000002,2021,3,2
2021-03-01,15559838,1445738,0.09300000000000001,75291,1201,0.016,52549.0,1190.0,0.023,2021,3,1
2021-02-28,15484547,1444537,0.09300000000000001,17449,568,0.033,52653.0,1267.0,0.024,2021,2,28
2021-02-27,15467098,1443969,0.09300000000000001,25672,1004,0.039,52946.0,1304.0,0.025,2021,2,27
2021-02-26,15441426,1442965,0.09300000000000001,55291,1310,0.024,53201.0,1354.0,0.025,2021,2,26
2021-02-25,15386135,1441655,0.094,63438,1346,0.021,54080.0,1425.0,0.026000000000000002,2021,2,25
2021-02-24,15322697,1440309,0.094,64053,1422,0.022000000000000002,54691.0,1499.0,0.027000000000000003,2021,2,24
2021-02-23,15258644,1438887,0.094,66646,1480,0.022000000000000002,55388.0,1625.0,0.028999999999999998,2021,2,23
2021-02-22,15191998,1437407,0.095,76020,1741,0.023,57450.0,1790.0,0.031,2021,2,22
2021-02-21,15115978,1435666,0.095,19499,825,0.042,53994.0,1821.0,0.034,2021,2,21
2021-02-20,15096479,1434841,0.095,27461,1351,0.049,53932.0,1868.0,0.035,2021,2,20
2021-02-19,15069018,1433490,0.095,61441,1809,0.028999999999999998,54184.0,1995.0,0.037000000000000005,2021,2,19
2021-02-18,15007577,1431681,0.095,67720,1862,0.027000000000000003,54071.0,2144.0,0.04,2021,2,18
2021-02-17,14939857,1429819,0.096,68928,2308,0.033,54703.0,2321.0,0.042,2021,2,17
2021-02-16,14870929,1427511,0.096,81084,2636,0.033,55209.0,2470.0,0.045,2021,2,16
2021-02-15,14789845,1424875,0.096,51822,1953,0.038,54203.0,2597.0,0.048,2021,2,15
2021-02-14,14738023,1422922,0.09699999999999999,19069,1154,0.061,59648.0,2924.0,0.049,2021,2,14
2021-02-13,14718954,1421768,0.09699999999999999,29225,2244,0.077,60192.0,3013.0,0.05,2021,2,13
2021-02-12,14689729,1419524,0.09699999999999999,60646,2848,0.047,61433.0,3230.0,0.053,2021,2,12
2021-02-11,14629083,1416676,0.09699999999999999,72145,3101,0.043,63927.0,3531.0,0.055,2021,2,11
2021-02-10,14556938,1413575,0.09699999999999999,72473,3357,0.046,65333.0,3814.0,0.057999999999999996,2021,2,10
2021-02-09,14484465,1410218,0.09699999999999999,74039,3525,0.048,66738.0,4118.0,0.062,2021,2,9
2021-02-08,14410426,1406693,0.098,89940,4237,0.047,68078.0,4454.0,0.065,2021,2,8
2021-02-07,14320486,1402456,0.098,22873,1778,0.078,69470.0,4821.0,0.069,2021,2,7
2021-02-06,14297613,1400678,0.098,37917,3765,0.099,70004.0,4989.0,0.071,2021,2,6
2021-02-05,14259696,1396913,0.098,78103,4957,0.063,70819.0,5294.0,0.075,2021,2,5
2021-02-04,14181593,1391956,0.098,81984,5078,0.062,70524.0,5472.0,0.078,2021,2,4
2021-02-03,14099609,1386878,0.098,82313,5488,0.067,71173.0,5772.0,0.081,2021,2,3
2021-02-02,14017296,1381390,0.099,83418,5872,0.07,72176.0,6169.0,0.085,2021,2,2
2021-02-01,13933878,1375518,0.099,99679,6812,0.068,73326.0,6588.0,0.09,2021,2,1
2021-01-31,13834199,1368706,0.099,26617,2954,0.111,73984.0,6935.0,0.094,2021,1,31
2021-01-30,13807582,1365752,0.099,43620,5897,0.135,74452.0,7111.0,0.096,2021,1,30
2021-01-29,13763962,1359855,0.099,76034,6200,0.08199999999999999,74802.0,7242.0,0.09699999999999999,2021,1,29
2021-01-28,13687928,1353655,0.099,86527,7180,0.083,77868.0,7898.0,0.10099999999999999,2021,1,28
2021-01-27,13601401,1346475,0.099,89336,8270,0.09300000000000001,80377.0,8495.0,0.106,2021,1,27
2021-01-26,13512065,1338205,0.099,91467,8803,0.096,83380.0,9096.0,0.109,2021,1,26
2021-01-25,13420598,1329402,0.099,104287,9240,0.08900000000000001,87668.0,9799.0,0.11199999999999999,2021,1,25
2021-01-24,13316311,1320162,0.099,29890,4189,0.14,84349.0,9625.0,0.114,2021,1,24
2021-01-23,13286421,1315973,0.099,46074,6815,0.14800000000000002,85182.0,9718.0,0.114,2021,1,23
2021-01-22,13240347,1309158,0.099,97494,10789,0.111,87285.0,10250.0,0.11699999999999999,2021,1,22
2021-01-21,13142853,1298369,0.099,104091,11360,0.109,88848.0,10771.0,0.121,2021,1,21
2021-01-20,13038762,1287009,0.099,110356,12475,0.113,90775.0,11381.0,0.125,2021,1,20
2021-01-19,12928406,1274534,0.099,121485,13728,0.113,91577.0,11840.0,0.129,2021,1,19
2021-01-18,12806921,1260806,0.098,81050,8017,0.099,90826.0,12226.0,0.135,2021,1,18
2021-01-17,12725871,1252789,0.098,35723,4845,0.136,99307.0,13757.0,0.139,2021,1,17
2021-01-16,12690148,1247944,0.098,60796,10537,0.17300000000000001,99448.0,13908.0,0.14,2021,1,16
2021-01-15,12629352,1237407,0.098,108434,14435,0.133,102004.0,14538.0,0.14300000000000002,2021,1,15
2021-01-14,12520918,1222972,0.098,117582,15628,0.133,104027.0,15351.0,0.14800000000000002,2021,1,14
2021-01-13,12403336,1207344,0.09699999999999999,115968,15687,0.135,106065.0,16051.0,0.151,2021,1,13
2021-01-12,12287368,1191657,0.09699999999999999,116232,16430,0.141,108705.0,17109.0,0.157,2021,1,12
2021-01-11,12171136,1175227,0.09699999999999999,140414,18739,0.133,112141.0,18337.0,0.16399999999999998,2021,1,11
2021-01-10,12030722,1156488,0.096,36709,5898,0.161,113588.0,19379.0,0.171,2021,1,10
2021-01-09,11994013,1150590,0.096,78686,14946,0.19,114120.0,19666.0,0.172,2021,1,9
2021-01-08,11915327,1135644,0.095,122598,20127,0.16399999999999998,113956.0,20102.0,0.17600000000000002,2021,1,8
2021-01-07,11792729,1115517,0.095,131851,20531,0.156,98855.0,17745.0,0.18,2021,1,7
2021-01-06,11660878,1094986,0.094,134448,23090,0.172,88923.0,16436.0,0.185,2021,1,6
2021-01-05,11526430,1071896,0.09300000000000001,140278,25026,0.17800000000000002,87668.0,16793.0,0.192,2021,1,5
2021-01-04,11386152,1046870,0.092,150549,26038,0.17300000000000001,86303.0,17213.0,0.19899999999999998,2021,1,4
2021-01-03,11235603,1020832,0.091,40428,7902,0.195,83428.0,17004.0,0.204,2021,1,3
2021-01-02,11195175,1012930,0.09,77541,17998,0.23199999999999998,82877.0,17021.0,0.205,2021,1,2
2021-01-01,11117634,994932,0.08900000000000001,16889,3627,0.215,82083.0,16987.0,0.207,2021,1,1
2020-12-31,11100745,991305,0.08900000000000001,62328,11371,0.182,81088.0,16852.0,0.20800000000000002,2020,12,31
2020-12-30,11038417,979934,0.08900000000000001,125661,25588,0.204,79434.0,16488.0,0.20800000000000002,2020,12,30
2020-12-29,10912756,954346,0.087,130723,27970,0.214,79444.0,15974.0,0.201,2020,12,29
2020-12-28,10782033,926376,0.086,130425,24571,0.188,79268.0,15158.0,0.191,2020,12,28
2020-12-27,10651608,901805,0.085,36572,8024,0.21899999999999997,80396.0,14625.0,0.182,2020,12,27
2020-12-26,10615036,893781,0.084,71985,17759,0.247,80495.0,14473.0,0.18,2020,12,26
2020-12-25,10543051,876022,0.083,9924,2678,0.27,81327.0,14091.0,0.17300000000000001,2020,12,25
2020-12-24,10533127,873344,0.083,50749,8824,0.174,97246.0,16493.0,0.17,2020,12,24
2020-12-23,10482378,864520,0.08199999999999999,125733,21991,0.175,107880.0,18112.0,0.168,2020,12,23
2020-12-22,10356645,842529,0.081,129489,22262,0.172,107648.0,17822.0,0.166,2020,12,22
2020-12-21,10227156,820267,0.08,138320,20834,0.151,106539.0,17676.0,0.166,2020,12,21
2020-12-20,10088836,799433,0.079,37265,6962,0.187,105413.0,17468.0,0.166,2020,12,20
2020-12-19,10051571,792471,0.079,77811,15088,0.19399999999999998,104968.0,17362.0,0.165,2020,12,19
2020-12-18,9973760,777383,0.078,121355,19489,0.161,103933.0,17114.0,0.165,2020,12,18
2020-12-17,9852405,757894,0.077,125187,20157,0.161,102277.0,16631.0,0.163,2020,12,17
2020-12-16,9727218,737737,0.076,124107,19961,0.161,99939.0,15998.0,0.16,2020,12,16
2020-12-15,9603111,717776,0.075,121728,21244,0.175,97949.0,15281.0,0.156,2020,12,15
2020-12-14,9481383,696532,0.073,130441,19376,0.149,96888.0,14526.0,0.15,2020,12,14
2020-12-13,9350942,677156,0.07200000000000001,34150,6216,0.182,95720.0,13959.0,0.146,2020,12,13
2020-12-12,9316792,670940,0.07200000000000001,70566,13355,0.18899999999999997,95007.0,13785.0,0.145,2020,12,12
2020-12-11,9246226,657585,0.071,109757,16110,0.147,94394.0,13285.0,0.141,2020,12,11
2020-12-10,9136469,641475,0.07,108826,15726,0.145,94321.0,12748.0,0.135,2020,12,10
2020-12-09,9027643,625749,0.069,110173,14940,0.136,94786.0,12306.0,0.13,2020,12,9
2020-12-08,8917470,610809,0.068,114302,15961,0.14,94687.0,11928.0,0.126,2020,12,8
2020-12-07,8803168,594848,0.068,122268,15408,0.126,94319.0,11408.0,0.121,2020,12,7
2020-12-06,8680900,579440,0.067,29160,4993,0.171,93543.0,10908.0,0.11699999999999999,2020,12,6
2020-12-05,8651740,574447,0.066,66273,9857,0.149,93155.0,10705.0,0.115,2020,12,5
2020-12-04,8585467,564590,0.066,109243,12352,0.113,92365.0,10524.0,0.114,2020,12,4
2020-12-03,8476224,552238,0.065,112081,12631,0.113,82094.0,9405.0,0.115,2020,12,3
2020-12-02,8364143,539607,0.065,109485,12291,0.11199999999999999,67435.0,7782.0,0.115,2020,12,2
2020-12-01,8254658,527316,0.064,111723,12324,0.11,64424.0,7104.0,0.11,2020,12,1
2020-11-30,8142935,514992,0.063,116838,11906,0.102,63579.0,6371.0,0.1,2020,11,30
2020-11-29,8026097,503086,0.063,26443,3571,0.135,61792.0,5596.0,0.091,2020,11,29
2020-11-28,7999654,499515,0.062,60741,8591,0.141,62364.0,5451.0,0.087,2020,11,28
2020-11-27,7938913,490924,0.062,37345,4518,0.121,61877.0,4861.0,0.079,2020,11,27
2020-11-26,7901568,486406,0.062,9468,1276,0.135,69007.0,5082.0,0.07400000000000001,2020,11,26
2020-11-25,7892100,485130,0.061,88412,7540,0.085,79844.0,5709.0,0.07200000000000001,2020,11,25
2020-11-24,7803688,477590,0.061,105808,7197,0.068,79979.0,5438.0,0.068,2020,11,24
2020-11-23,7697880,470393,0.061,104325,6479,0.062,77260.0,5201.0,0.067,2020,11,23
2020-11-22,7593555,463914,0.061,30446,2554,0.084,74216.0,5065.0,0.068,2020,11,22
2020-11-21,7563109,461360,0.061,57336,4464,0.078,72931.0,4982.0,0.068,2020,11,21
2020-11-20,7505773,456896,0.061,87256,6063,0.069,71024.0,4856.0,0.068,2020,11,20
2020-11-19,7418517,450833,0.061,85325,5663,0.066,68984.0,4638.0,0.067,2020,11,19
2020-11-18,7333192,445170,0.061,89358,5647,0.063,67177.0,4411.0,0.066,2020,11,18
2020-11-17,7243834,439523,0.061,86775,5534,0.064,63988.0,4121.0,0.064,2020,11,17
2020-11-16,7157059,433989,0.061,83017,5527,0.067,61518.0,3816.0,0.062,2020,11,16
2020-11-15,7074042,428462,0.061,21452,1973,0.092,59848.0,3531.0,0.059000000000000004,2020,11,15
2020-11-14,7052590,426489,0.06,43984,3582,0.081,58885.0,3395.0,0.057999999999999996,2020,11,14
2020-11-13,7008606,422907,0.06,72975,4541,0.062,57349.0,3202.0,0.055999999999999994,2020,11,13
2020-11-12,6935631,418366,0.06,72677,4075,0.055999999999999994,55720.0,2988.0,0.054000000000000006,2020,11,12
2020-11-11,6862954,414291,0.06,67038,3616,0.054000000000000006,54249.0,2835.0,0.052000000000000005,2020,11,11
2020-11-10,6795916,410675,0.06,69486,3398,0.049,54067.0,2741.0,0.051,2020,11,10
2020-11-09,6726430,407277,0.061,71322,3534,0.05,52842.0,2623.0,0.05,2020,11,9
2020-11-08,6655108,403743,0.061,14712,1017,0.069,51925.0,2538.0,0.049,2020,11,8
2020-11-07,6640396,402726,0.061,33231,2236,0.067,51722.0,2513.0,0.049,2020,11,7
2020-11-06,6607165,400490,0.061,61574,3042,0.049,50933.0,2431.0,0.048,2020,11,6
2020-11-05,6545591,397448,0.061,62380,3005,0.048,49645.0,2307.0,0.046,2020,11,5
2020-11-04,6483211,394443,0.061,65766,2956,0.045,49033.0,2169.0,0.044000000000000004,2020,11,4
2020-11-03,6417445,391487,0.061,60909,2571,0.042,48443.0,1992.0,0.040999999999999995,2020,11,3
2020-11-02,6356536,388916,0.061,64905,2938,0.045,48311.0,1891.0,0.039,2020,11,2
2020-11-01,6291631,385978,0.061,13289,841,0.063,47625.0,1774.0,0.037000000000000005,2020,11,1
2020-10-31,6278342,385137,0.061,27705,1667,0.06,47580.0,1740.0,0.037000000000000005,2020,10,31
2020-10-30,6250637,383470,0.061,52562,2169,0.040999999999999995,47386.0,1703.0,0.036000000000000004,2020,10,30
2020-10-29,6198075,381301,0.062,58097,2044,0.035,47150.0,1690.0,0.036000000000000004,2020,10,29
2020-10-28,6139978,379257,0.062,61635,1714,0.027999999999999997,46340.0,1665.0,0.036000000000000004,2020,10,28
2020-10-27,6078343,377543,0.062,59985,1864,0.031,45690.0,1695.0,0.037000000000000005,2020,10,27
2020-10-26,6018358,375679,0.062,60101,2122,0.035,44978.0,1699.0,0.038,2020,10,26
2020-10-25,5958257,373557,0.063,12977,603,0.046,44353.0,1716.0,0.039,2020,10,25
2020-10-24,5945280,372954,0.063,26343,1404,0.053,44181.0,1727.0,0.039,2020,10,24
2020-10-23,5918937,371550,0.063,50913,2081,0.040999999999999995,43949.0,1713.0,0.039,2020,10,23
2020-10-22,5868024,369469,0.063,52425,1865,0.036000000000000004,43807.0,1670.0,0.038,2020,10,22
2020-10-21,5815599,367604,0.063,57089,1924,0.034,43494.0,1651.0,0.038,2020,10,21
2020-10-20,5758510,365680,0.064,54997,1897,0.034,43157.0,1616.0,0.037000000000000005,2020,10,20
2020-10-19,5703513,363783,0.064,55725,2237,0.04,42684.0,1565.0,0.037000000000000005,2020,10,19
2020-10-18,5647788,361546,0.064,11773,681,0.057999999999999996,42038.0,1514.0,0.036000000000000004,2020,10,18
2020-10-17,5636015,360865,0.064,24722,1308,0.053,42030.0,1499.0,0.036000000000000004,2020,10,17
2020-10-16,5611293,359557,0.064,49919,1777,0.036000000000000004,42100.0,1508.0,0.036000000000000004,2020,10,16
2020-10-15,5561374,357780,0.064,50232,1731,0.034,41821.0,1492.0,0.036000000000000004,2020,10,15
2020-10-14,5511142,356049,0.065,54731,1679,0.031,41571.0,1463.0,0.035,2020,10,14
2020-10-13,5456411,354370,0.065,51685,1544,0.03,41405.0,1465.0,0.035,2020,10,13
2020-10-12,5404726,352826,0.065,51206,1875,0.037000000000000005,41332.0,1441.0,0.035,2020,10,12
2020-10-11,5353520,350951,0.066,11716,579,0.049,41235.0,1432.0,0.035,2020,10,11
2020-10-10,5341804,350372,0.066,25210,1373,0.054000000000000006,41195.0,1421.0,0.034,2020,10,10
2020-10-09,5316594,348999,0.066,47966,1660,0.035,41170.0,1382.0,0.034,2020,10,9
2020-10-08,5268628,347339,0.066,48480,1531,0.032,40827.0,1358.0,0.033,2020,10,8
2020-10-07,5220148,345808,0.066,53574,1690,0.032,39870.0,1366.0,0.034,2020,10,7
2020-10-06,5166574,344118,0.067,51173,1377,0.027000000000000003,38757.0,1339.0,0.035,2020,10,6
2020-10-05,5115401,342741,0.067,50528,1817,0.036000000000000004,37635.0,1346.0,0.036000000000000004,2020,10,5
2020-10-04,5064873,340924,0.067,11433,500,0.044000000000000004,35792.0,1291.0,0.036000000000000004,2020,10,4
2020-10-03,5053440,340424,0.067,25036,1101,0.044000000000000004,35561.0,1295.0,0.036000000000000004,2020,10,3
2020-10-02,5028404,339323,0.067,45563,1491,0.033,34974.0,1288.0,0.037000000000000005,2020,10,2
2020-10-01,4982841,337832,0.068,41786,1589,0.038,33814.0,1287.0,0.038,2020,10,1
2020-09-30,4941055,336243,0.068,45783,1501,0.033,33720.0,1274.0,0.038,2020,9,30
2020-09-29,4895272,334742,0.068,43314,1422,0.033,33747.0,1267.0,0.038,2020,9,29
2020-09-28,4851958,333320,0.069,37627,1436,0.038,33852.0,1250.0,0.037000000000000005,2020,9,28
2020-09-27,4814331,331884,0.069,9817,524,0.053,34721.0,1273.0,0.037000000000000005,2020,9,27
2020-09-26,4804514,331360,0.069,20925,1055,0.05,34696.0,1273.0,0.037000000000000005,2020,9,26
2020-09-25,4783589,330305,0.069,37445,1480,0.04,34663.0,1262.0,0.036000000000000004,2020,9,25
2020-09-24,4746144,328825,0.069,41126,1500,0.036000000000000004,34667.0,1243.0,0.036000000000000004,2020,9,24
2020-09-23,4705018,327325,0.07,45975,1452,0.032,34534.0,1225.0,0.035,2020,9,23
2020-09-22,4659043,325873,0.07,44048,1304,0.03,33913.0,1227.0,0.036000000000000004,2020,9,22
2020-09-21,4614995,324569,0.07,43711,1595,0.036000000000000004,33313.0,1219.0,0.037000000000000005,2020,9,21
2020-09-20,4571284,322974,0.071,9639,527,0.055,32718.0,1217.0,0.037000000000000005,2020,9,20
2020-09-19,4561645,322447,0.071,20697,976,0.047,32589.0,1191.0,0.037000000000000005,2020,9,19
2020-09-18,4540948,321471,0.071,37473,1346,0.036000000000000004,32603.0,1184.0,0.036000000000000004,2020,9,18
2020-09-17,4503475,320125,0.071,40196,1374,0.034,32556.0,1179.0,0.036000000000000004,2020,9,17
2020-09-16,4463279,318751,0.071,41624,1465,0.035,32158.0,1162.0,0.036000000000000004,2020,9,16
2020-09-15,4421655,317286,0.07200000000000001,39851,1252,0.031,31881.0,1155.0,0.036000000000000004,2020,9,15
2020-09-14,4381804,316034,0.07200000000000001,39543,1579,0.04,32476.0,1216.0,0.037000000000000005,2020,9,14
2020-09-13,4342261,314455,0.07200000000000001,8738,343,0.039,28222.0,1058.0,0.037000000000000005,2020,9,13
2020-09-12,4333523,314112,0.07200000000000001,20793,930,0.045,28210.0,1077.0,0.038,2020,9,12
2020-09-11,4312730,313182,0.073,37148,1312,0.035,26860.0,1024.0,0.038,2020,9,11
2020-09-10,4275582,311870,0.073,37411,1254,0.034,26267.0,1046.0,0.04,2020,9,10
2020-09-09,4238171,310616,0.073,39686,1417,0.036000000000000004,25754.0,1076.0,0.042,2020,9,9
2020-09-08,4198485,309199,0.07400000000000001,44011,1680,0.038,25814.0,1100.0,0.043,2020,9,8
2020-09-07,4154474,307519,0.07400000000000001,9764,468,0.048,24838.0,1065.0,0.043,2020,9,7
2020-09-06,4144710,307051,0.07400000000000001,8656,478,0.055,28613.0,1253.0,0.044000000000000004,2020,9,6
2020-09-05,4136054,306573,0.07400000000000001,11341,561,0.049,28746.0,1256.0,0.044000000000000004,2020,9,5
2020-09-04,4124713,306012,0.07400000000000001,33003,1461,0.044000000000000004,30142.0,1356.0,0.045,2020,9,4
2020-09-03,4091710,304551,0.07400000000000001,33816,1464,0.043,30126.0,1383.0,0.046,2020,9,3
2020-09-02,4057894,303087,0.075,40105,1586,0.04,29999.0,1415.0,0.047,2020,9,2
2020-09-01,4017789,301501,0.075,37179,1438,0.039,30146.0,1454.0,0.048,2020,9,1
2020-08-31,3980610,300063,0.075,36194,1783,0.049,30164.0,1505.0,0.05,2020,8,31
2020-08-30,3944416,298280,0.076,9585,497,0.052000000000000005,30281.0,1552.0,0.051,2020,8,30
2020-08-29,3934831,297783,0.076,21111,1262,0.06,30284.0,1575.0,0.052000000000000005,2020,8,29
2020-08-28,3913720,296521,0.076,32893,1652,0.05,30327.0,1600.0,0.053,2020,8,28
2020-08-27,3880827,294869,0.076,32924,1687,0.051,30755.0,1653.0,0.054000000000000006,2020,8,27
2020-08-26,3847903,293182,0.076,41139,1861,0.045,30885.0,1684.0,0.055,2020,8,26
2020-08-25,3806764,291321,0.077,37302,1796,0.048,30509.0,1705.0,0.055999999999999994,2020,8,25
2020-08-24,3769462,289525,0.077,37010,2106,0.057,30598.0,1738.0,0.057,2020,8,24
2020-08-23,3732452,287419,0.077,9610,663,0.069,30685.0,1759.0,0.057,2020,8,23
2020-08-22,3722842,286756,0.077,21414,1437,0.067,30734.0,1765.0,0.057,2020,8,22
2020-08-21,3701428,285319,0.077,35884,2021,0.055999999999999994,30927.0,1805.0,0.057999999999999996,2020,8,21
2020-08-20,3665544,283298,0.077,33833,1906,0.055999999999999994,30694.0,1825.0,0.059000000000000004,2020,8,20
2020-08-19,3631711,281392,0.077,38509,2005,0.052000000000000005,31167.0,1866.0,0.06,2020,8,19
2020-08-18,3593202,279387,0.078,37927,2029,0.053,31791.0,1933.0,0.061,2020,8,18
2020-08-17,3555275,277358,0.078,37617,2250,0.06,32485.0,1983.0,0.061,2020,8,17
2020-08-16,3517658,275108,0.078,9951,708,0.071,33446.0,2093.0,0.063,2020,8,16
2020-08-15,3507707,274400,0.078,22767,1714,0.075,33646.0,2108.0,0.063,2020,8,15
2020-08-14,3484940,272686,0.078,34257,2163,0.063,34050.0,2140.0,0.063,2020,8,14
2020-08-13,3450683,270523,0.078,37139,2192,0.059000000000000004,35380.0,2244.0,0.063,2020,8,13
2020-08-12,3413544,268331,0.079,42879,2478,0.057999999999999996,36591.0,2325.0,0.064,2020,8,12
2020-08-11,3370665,265853,0.079,42784,2378,0.055999999999999994,37141.0,2370.0,0.064,2020,8,11
2020-08-10,3327881,263475,0.079,44342,3015,0.068,38686.0,2473.0,0.064,2020,8,10
2020-08-09,3283539,260460,0.079,11355,816,0.07200000000000001,38778.0,2495.0,0.064,2020,8,9
2020-08-08,3272184,259644,0.079,25593,1940,0.076,38951.0,2507.0,0.064,2020,8,8
2020-08-07,3246591,257704,0.079,43567,2888,0.066,39680.0,2562.0,0.065,2020,8,7
2020-08-06,3203024,254816,0.08,45615,2757,0.06,40735.0,2606.0,0.064,2020,8,6
2020-08-05,3157409,252059,0.08,46729,2796,0.06,41278.0,2669.0,0.065,2020,8,5
2020-08-04,3110680,249263,0.08,53604,3102,0.057999999999999996,42010.0,2739.0,0.065,2020,8,4
2020-08-03,3057076,246161,0.081,44983,3166,0.07,42471.0,2792.0,0.066,2020,8,3
2020-08-02,3012093,242995,0.081,12567,903,0.07200000000000001,44665.0,2873.0,0.064,2020,8,2
2020-08-01,2999526,242092,0.081,30692,2322,0.076,44731.0,2885.0,0.064,2020,8,1
2020-07-31,2968834,239770,0.081,50956,3196,0.063,44506.0,2973.0,0.067,2020,7,31
2020-07-30,2917878,236574,0.081,49413,3197,0.065,42860.0,3047.0,0.071,2020,7,30
2020-07-29,2868465,233377,0.081,51858,3289,0.063,42775.0,3102.0,0.073,2020,7,29
2020-07-28,2816607,230088,0.08199999999999999,56825,3473,0.061,43026.0,3187.0,0.07400000000000001,2020,7,28
2020-07-27,2759782,226615,0.08199999999999999,60345,3733,0.062,43778.0,3301.0,0.075,2020,7,27
2020-07-26,2699437,222882,0.083,13025,983,0.075,44101.0,3408.0,0.077,2020,7,26
2020-07-25,2686412,221899,0.083,29117,2942,0.10099999999999999,44762.0,3431.0,0.077,2020,7,25
2020-07-24,2657295,218957,0.08199999999999999,39439,3710,0.094,45267.0,3422.0,0.076,2020,7,24
2020-07-23,2617856,215247,0.08199999999999999,48815,3585,0.073,47141.0,3478.0,0.07400000000000001,2020,7,23
2020-07-22,2569041,211662,0.08199999999999999,53616,3884,0.07200000000000001,48368.0,3574.0,0.07400000000000001,2020,7,22
2020-07-21,2515425,207778,0.083,62091,4267,0.069,48057.0,3554.0,0.07400000000000001,2020,7,21
2020-07-20,2453334,203511,0.083,62605,4483,0.07200000000000001,46514.0,3549.0,0.076,2020,7,20
2020-07-19,2390729,199028,0.083,17649,1147,0.065,44677.0,3535.0,0.079,2020,7,19
2020-07-18,2373080,197881,0.083,32652,2879,0.08800000000000001,43821.0,3559.0,0.081,2020,7,18
2020-07-17,2340428,195002,0.083,52559,4098,0.078,43568.0,3572.0,0.08199999999999999,2020,7,17
2020-07-16,2287869,190904,0.083,57405,4260,0.07400000000000001,42576.0,3552.0,0.083,2020,7,16
2020-07-15,2230464,186644,0.084,51438,3742,0.073,40949.0,3548.0,0.087,2020,7,15
2020-07-14,2179026,182902,0.084,51293,4231,0.08199999999999999,40331.0,3619.0,0.09,2020,7,14
2020-07-13,2127733,178671,0.084,49743,4390,0.08800000000000001,39487.0,3611.0,0.091,2020,7,13
2020-07-12,2077990,174281,0.084,11654,1310,0.11199999999999999,37394.0,3440.0,0.092,2020,7,12
2020-07-11,2066336,172971,0.084,30881,2970,0.096,37188.0,3428.0,0.092,2020,7,11
2020-07-10,2035455,170001,0.084,45619,3961,0.087,33745.0,3133.0,0.09300000000000001,2020,7,10
2020-07-09,1989836,166040,0.083,46017,4230,0.092,29872.0,2826.0,0.095,2020,7,9
2020-07-08,1943819,161810,0.083,47112,4243,0.09,29849.0,2799.0,0.094,2020,7,8
2020-07-07,1896707,157567,0.083,45384,4176,0.092,29223.0,2764.0,0.095,2020,7,7
2020-07-06,1851323,153391,0.083,35093,3189,0.091,28394.0,2691.0,0.095,2020,7,6
2020-07-05,1816230,150202,0.083,10212,1224,0.12,28995.0,2750.0,0.095,2020,7,5
2020-07-04,1806018,148978,0.08199999999999999,6777,911,0.134,28994.0,2727.0,0.094,2020,7,4
2020-07-03,1799241,148067,0.08199999999999999,18510,1808,0.098,31772.0,2970.0,0.09300000000000001,2020,7,3
2020-07-02,1780731,146259,0.08199999999999999,45857,4039,0.08800000000000001,34774.0,3214.0,0.092,2020,7,2
2020-07-01,1734874,142220,0.08199999999999999,42726,3999,0.094,33877.0,3148.0,0.09300000000000001,2020,7,1
2020-06-30,1692148,138221,0.08199999999999999,39580,3670,0.09300000000000001,32753.0,3042.0,0.09300000000000001,2020,6,30
2020-06-29,1652568,134551,0.081,39300,3599,0.092,31854.0,2954.0,0.09300000000000001,2020,6,29
2020-06-28,1613268,130952,0.081,10206,1065,0.10400000000000001,30744.0,2844.0,0.09300000000000001,2020,6,28
2020-06-27,1603062,129887,0.081,26225,2612,0.1,30525.0,2838.0,0.09300000000000001,2020,6,27
2020-06-26,1576837,127275,0.081,39523,3514,0.08900000000000001,29151.0,2747.0,0.094,2020,6,26
2020-06-25,1537314,123761,0.081,39582,3577,0.09,27586.0,2605.0,0.094,2020,6,25
2020-06-24,1497732,120184,0.08,34856,3260,0.094,25893.0,2469.0,0.095,2020,6,24
2020-06-23,1462876,116924,0.08,33285,3048,0.092,24844.0,2375.0,0.096,2020,6,23
2020-06-22,1429591,113876,0.08,31532,2835,0.09,24116.0,2279.0,0.095,2020,6,22
2020-06-21,1398059,111041,0.079,8673,1023,0.11800000000000001,23838.0,2216.0,0.09300000000000001,2020,6,21
2020-06-20,1389386,110018,0.079,16609,1974,0.11900000000000001,23719.0,2169.0,0.091,2020,6,20
2020-06-19,1372777,108044,0.079,28566,2518,0.08800000000000001,23815.0,2098.0,0.08800000000000001,2020,6,19
2020-06-18,1344211,105526,0.079,27728,2623,0.095,23876.0,2004.0,0.084,2020,6,18
2020-06-17,1316483,102903,0.078,27518,2607,0.095,23901.0,1928.0,0.081,2020,6,17
2020-06-16,1288965,100296,0.078,28187,2370,0.084,24180.0,1858.0,0.077,2020,6,16
2020-06-15,1260778,97926,0.078,29582,2396,0.081,24585.0,1779.0,0.07200000000000001,2020,6,15
2020-06-14,1231196,95530,0.078,7840,694,0.08900000000000001,24388.0,1726.0,0.071,2020,6,14
2020-06-13,1223356,94836,0.078,17285,1479,0.086,24318.0,1704.0,0.07,2020,6,13
2020-06-12,1206071,93357,0.077,28990,1862,0.064,24834.0,1684.0,0.068,2020,6,12
2020-06-11,1177081,91495,0.078,27907,2087,0.075,24773.0,1674.0,0.068,2020,6,11
2020-06-10,1149174,89408,0.078,29466,2118,0.07200000000000001,24330.0,1618.0,0.067,2020,6,10
2020-06-09,1119708,87290,0.078,31028,1819,0.059000000000000004,23478.0,1563.0,0.067,2020,6,9
2020-06-08,1088680,85471,0.079,28201,2023,0.07200000000000001,22110.0,1541.0,0.07,2020,6,8
2020-06-07,1060479,83448,0.079,7349,541,0.07400000000000001,20796.0,1442.0,0.069,2020,6,7
2020-06-06,1053130,82907,0.079,20896,1340,0.064,20641.0,1426.0,0.069,2020,6,6
2020-06-05,1032234,81567,0.079,28564,1788,0.063,19965.0,1405.0,0.07,2020,6,5
2020-06-04,1003670,79779,0.079,24805,1694,0.068,19557.0,1414.0,0.07200000000000001,2020,6,4
2020-06-03,978865,78085,0.08,23503,1737,0.07400000000000001,19591.0,1423.0,0.073,2020,6,3
2020-06-02,955362,76348,0.08,21453,1667,0.078,20081.0,1450.0,0.07200000000000001,2020,6,2
2020-06-01,933909,74681,0.08,19004,1325,0.07,21257.0,1576.0,0.07400000000000001,2020,6,1
2020-05-31,914905,73356,0.08,6264,432,0.069,19494.0,1494.0,0.077,2020,5,31
2020-05-30,908641,72924,0.08,16164,1192,0.07400000000000001,19485.0,1502.0,0.077,2020,5,30
2020-05-29,892477,71732,0.08,25708,1853,0.07200000000000001,19574.0,1483.0,0.076,2020,5,29
2020-05-28,866769,69879,0.081,25041,1753,0.07,19492.0,1433.0,0.07400000000000001,2020,5,28
2020-05-27,841728,68126,0.081,26931,1931,0.07200000000000001,19347.0,1414.0,0.073,2020,5,27
2020-05-26,814797,66195,0.081,29687,2546,0.086,19125.0,1432.0,0.075,2020,5,26
2020-05-25,785110,63649,0.081,6662,754,0.113,18368.0,1300.0,0.071,2020,5,25
2020-05-24,778448,62895,0.081,6201,488,0.079,21204.0,1454.0,0.069,2020,5,24
2020-05-23,772247,62407,0.081,16789,1053,0.063,21352.0,1465.0,0.069,2020,5,23
2020-05-22,755458,61354,0.081,25130,1504,0.06,21551.0,1468.0,0.068,2020,5,22
2020-05-21,730328,59850,0.08199999999999999,24030,1623,0.068,22262.0,1523.0,0.068,2020,5,21
2020-05-20,706298,58227,0.08199999999999999,25376,2058,0.081,23097.0,1572.0,0.068,2020,5,20
2020-05-19,680922,56169,0.08199999999999999,24391,1623,0.067,23241.0,1481.0,0.064,2020,5,19
2020-05-18,656531,54546,0.083,26510,1831,0.069,23388.0,1467.0,0.063,2020,5,18
2020-05-17,630021,52715,0.084,7238,566,0.078,22763.0,1404.0,0.062,2020,5,17
2020-05-16,622783,52149,0.084,18180,1071,0.059000000000000004,22610.0,1391.0,0.062,2020,5,16
2020-05-15,604603,51078,0.084,30108,1886,0.063,22233.0,1373.0,0.062,2020,5,15
2020-05-14,574495,49192,0.086,29876,1966,0.066,20989.0,1283.0,0.061,2020,5,14
2020-05-13,544619,47226,0.087,26383,1424,0.054000000000000006,20178.0,1180.0,0.057999999999999996,2020,5,13
2020-05-12,518236,45802,0.08800000000000001,25418,1523,0.06,20184.0,1171.0,0.057999999999999996,2020,5,12
2020-05-11,492818,44279,0.09,22141,1389,0.063,19731.0,1160.0,0.059000000000000004,2020,5,11
2020-05-10,470677,42890,0.091,6165,477,0.077,19566.0,1106.0,0.057,2020,5,10
2020-05-09,464512,42413,0.091,15542,949,0.061,19739.0,1111.0,0.055999999999999994,2020,5,9
2020-05-08,448970,41464,0.092,21396,1254,0.059000000000000004,19886.0,1094.0,0.055,2020,5,8
2020-05-07,427574,40210,0.094,24201,1247,0.052000000000000005,19935.0,1081.0,0.054000000000000006,2020,5,7
2020-05-06,403373,38963,0.09699999999999999,26424,1356,0.051,19545.0,1073.0,0.055,2020,5,6
2020-05-05,376949,37607,0.1,22245,1449,0.065,17923.0,1058.0,0.059000000000000004,2020,5,5
2020-05-04,354704,36158,0.102,20991,1011,0.048,16845.0,1032.0,0.061,2020,5,4
2020-05-03,333713,35147,0.105,7374,509,0.069,16163.0,1084.0,0.067,2020,5,3
2020-05-02,326339,34638,0.106,16570,834,0.05,15833.0,1092.0,0.069,2020,5,2
2020-05-01,309769,33804,0.109,21740,1159,0.053,15042.0,1131.0,0.075,2020,5,1
2020-04-30,288029,32645,0.113,21468,1193,0.055999999999999994,13685.0,1149.0,0.084,2020,4,30
2020-04-29,266561,31452,0.11800000000000001,15073,1252,0.083,11842.0,1140.0,0.096,2020,4,29
2020-04-28,251488,30200,0.12,14698,1269,0.086,10974.0,1102.0,0.1,2020,4,28
2020-04-27,236790,28931,0.122,16218,1373,0.085,10478.0,1076.0,0.10300000000000001,2020,4,27
2020-04-26,220572,27558,0.125,5063,562,0.111,9401.0,1045.0,0.111,2020,4,26
2020-04-25,215509,26996,0.125,11037,1109,0.1,9255.0,1034.0,0.11199999999999999,2020,4,25
2020-04-24,204472,25887,0.127,12238,1285,0.105,8633.0,980.0,0.114,2020,4,24
2020-04-23,192234,24602,0.128,8564,1131,0.132,8226.0,924.0,0.11199999999999999,2020,4,23
2020-04-22,183670,23471,0.128,8998,983,0.109,8283.0,891.0,0.10800000000000001,2020,4,22
2020-04-21,174672,22488,0.129,11230,1087,0.09699999999999999,8319.0,906.0,0.109,2020,4,21
2020-04-20,163442,21401,0.131,8675,1160,0.134,7620.0,880.0,0.115,2020,4,20
2020-04-19,154767,20241,0.131,4041,480,0.11900000000000001,7058.0,841.0,0.11900000000000001,2020,4,19
2020-04-18,150726,19761,0.131,6685,735,0.11,6729.0,823.0,0.122,2020,4,18
2020-04-17,144041,19026,0.132,9387,894,0.095,6327.0,791.0,0.125,2020,4,17
2020-04-16,134654,18132,0.135,8966,898,0.1,6057.0,772.0,0.127,2020,4,16
2020-04-15,125688,17234,0.13699999999999998,9247,1091,0.11800000000000001,5824.0,750.0,0.129,2020,4,15
2020-04-14,116441,16143,0.139,6336,902,0.142,5313.0,711.0,0.134,2020,4,14
2020-04-13,110105,15241,0.138,4745,890,0.188,5092.0,707.0,0.139,2020,4,13
2020-04-12,105360,14351,0.136,1736,350,0.20199999999999999,4952.0,660.0,0.133,2020,4,12
2020-04-11,103624,14001,0.135,3874,514,0.133,5002.0,678.0,0.136,2020,4,11
2020-04-10,99750,13487,0.135,7492,759,0.10099999999999999,4925.0,685.0,0.139,2020,4,10
2020-04-09,92258,12728,0.138,7337,742,0.10099999999999999,4691.0,679.0,0.145,2020,4,9
2020-04-08,84921,11986,0.141,5671,823,0.145,4409.0,681.0,0.154,2020,4,8
2020-04-07,79250,11163,0.141,4790,868,0.18100000000000002,4358.0,673.0,0.154,2020,4,7
2020-04-06,74460,10295,0.138,3767,562,0.149,4359.0,648.0,0.149,2020,4,6
2020-04-05,70693,9733,0.138,2085,476,0.228,4452.0,662.0,0.149,2020,4,5
2020-04-04,68608,9257,0.135,3330,568,0.171,4368.0,634.0,0.145,2020,4,4
2020-04-03,65278,8689,0.133,5858,713,0.122,4330.0,616.0,0.142,2020,4,3
2020-04-02,59420,7976,0.134,5364,757,0.141,4044.0,590.0,0.146,2020,4,2
2020-04-01,54056,7219,0.134,5311,767,0.14400000000000002,3754.0,547.0,0.146,2020,4,1
2020-03-31,48745,6452,0.132,4797,696,0.145,3468.0,498.0,0.14400000000000002,2020,3,31
2020-03-30,43948,5756,0.131,4421,657,0.149,3258.0,461.0,0.141,2020,3,30
2020-03-29,39527,5099,0.129,1496,282,0.18899999999999997,3103.0,428.0,0.138,2020,3,29
2020-03-28,38031,4817,0.127,3066,440,0.14400000000000002,3058.0,419.0,0.13699999999999998,2020,3,28
2020-03-27,34965,4377,0.125,3850,529,0.13699999999999998,2804.0,381.0,0.136,2020,3,27
2020-03-26,31115,3848,0.124,3340,461,0.138,2632.0,348.0,0.132,2020,3,26
2020-03-25,27775,3387,0.122,3303,424,0.128,2507.0,321.0,0.128,2020,3,25
2020-03-24,24472,2963,0.121,3328,432,0.13,2347.0,293.0,0.125,2020,3,24
2020-03-23,21144,2531,0.12,3341,428,0.128,2226.0,269.0,0.121,2020,3,23
2020-03-22,17803,2103,0.11800000000000001,1175,222,0.18899999999999997,2016.0,241.0,0.12,2020,3,22
2020-03-21,16628,1881,0.113,1288,172,0.134,1950.0,219.0,0.11199999999999999,2020,3,21
2020-03-20,15340,1709,0.111,2650,295,0.111,1856.0,205.0,0.11,2020,3,20
2020-03-19,12690,1414,0.111,2462,275,0.11199999999999999,1621.0,180.0,0.111,2020,3,19
2020-03-18,10228,1139,0.111,2185,227,0.10400000000000001,1386.0,155.0,0.11199999999999999,2020,3,18
2020-03-17,8043,912,0.113,2483,266,0.107,1124.0,127.0,0.113,2020,3,17
2020-03-16,5560,646,0.11599999999999999,1872,231,0.12300000000000001,794.0,92.0,0.11599999999999999,2020,3,16
